Region,Location,Sex,2015,2016,2017,2018,2019,2020,2021
Благоевград,Банско,Female,96.0,111.0,89.0,75.0,93.0,109.0,108.0
Благоевград,Банско,Male,104.0,93.0,91.0,89.0,84.0,127.0,109.0
Благоевград,Банско,Total,200.0,204.0,180.0,164.0,177.0,236.0,217.0
Благоевград,Белица,Female,68.0,48.0,57.0,44.0,52.0,67.0,75.0
Благоевград,Белица,Male,63.0,47.0,71.0,63.0,54.0,75.0,81.0
Благоевград,Белица,Total,131.0,95.0,128.0,107.0,106.0,142.0,156.0
Благоевград,Благоевград,Female,334.0,358.0,416.0,373.0,382.0,502.0,561.0
Благоевград,Благоевград,Male,472.0,461.0,477.0,484.0,473.0,593.0,640.0
Благоевград,Благоевград,Total,806.0,819.0,893.0,857.0,855.0,1095.0,1201.0
Благоевград,Гоце Делчев,Female,168.0,163.0,177.0,158.0,187.0,189.0,235.0
Благоевград,Гоце Делчев,Male,182.0,187.0,191.0,195.0,193.0,228.0,280.0
Благоевград,Гоце Делчев,Total,350.0,350.0,368.0,353.0,380.0,417.0,515.0
Благоевград,Гърмен,Female,63.0,76.0,72.0,69.0,83.0,72.0,104.0
Благоевград,Гърмен,Male,77.0,91.0,63.0,82.0,85.0,91.0,91.0
Благоевград,Гърмен,Total,140.0,167.0,135.0,151.0,168.0,163.0,195.0
Благоевград,Кресна,Female,56.0,42.0,47.0,39.0,35.0,50.0,75.0
Благоевград,Кресна,Male,48.0,57.0,51.0,40.0,58.0,59.0,83.0
Благоевград,Кресна,Total,104.0,99.0,98.0,79.0,93.0,109.0,158.0
Благоевград,Петрич,Female,338.0,314.0,305.0,299.0,312.0,393.0,461.0
Благоевград,Петрич,Male,407.0,365.0,391.0,406.0,401.0,456.0,635.0
Благоевград,Петрич,Total,745.0,679.0,696.0,705.0,713.0,849.0,1096.0
Благоевград,Разлог,Female,135.0,124.0,138.0,162.0,133.0,167.0,176.0
Благоевград,Разлог,Male,155.0,154.0,134.0,160.0,144.0,183.0,192.0
Благоевград,Разлог,Total,290.0,278.0,272.0,322.0,277.0,350.0,368.0
Благоевград,Сандански,Female,240.0,238.0,242.0,257.0,253.0,301.0,352.0
Благоевград,Сандански,Male,294.0,295.0,305.0,304.0,277.0,355.0,457.0
Благоевград,Сандански,Total,534.0,533.0,547.0,561.0,530.0,656.0,809.0
Благоевград,Сатовча,Female,69.0,74.0,68.0,78.0,63.0,87.0,109.0
Благоевград,Сатовча,Male,72.0,68.0,95.0,88.0,87.0,102.0,110.0
Благоевград,Сатовча,Total,141.0,142.0,163.0,166.0,150.0,189.0,219.0
Благоевград,Симитли,Female,89.0,107.0,100.0,109.0,135.0,153.0,140.0
Благоевград,Симитли,Male,123.0,112.0,132.0,131.0,111.0,134.0,177.0
Благоевград,Симитли,Total,212.0,219.0,232.0,240.0,246.0,287.0,317.0
Благоевград,Струмяни,Female,57.0,51.0,56.0,57.0,68.0,67.0,82.0
Благоевград,Струмяни,Male,66.0,64.0,51.0,45.0,44.0,75.0,92.0
Благоевград,Струмяни,Total,123.0,115.0,107.0,102.0,112.0,142.0,174.0
Благоевград,Хаджидимово,Female,68.0,60.0,72.0,48.0,55.0,61.0,84.0
Благоевград,Хаджидимово,Male,77.0,66.0,67.0,73.0,72.0,81.0,109.0
Благоевград,Хаджидимово,Total,145.0,126.0,139.0,121.0,127.0,142.0,193.0
Благоевград,Якоруда,Female,77.0,54.0,65.0,64.0,54.0,97.0,91.0
Благоевград,Якоруда,Male,77.0,57.0,78.0,64.0,66.0,89.0,87.0
Благоевград,Якоруда,Total,154.0,111.0,143.0,128.0,120.0,186.0,178.0
Бургас,Айтос,Female,183.0,158.0,189.0,143.0,192.0,228.0,248.0
Бургас,Айтос,Male,209.0,196.0,198.0,189.0,188.0,230.0,260.0
Бургас,Айтос,Total,392.0,354.0,387.0,332.0,380.0,458.0,508.0
Бургас,Бургас,Female,1154.0,1164.0,1203.0,1187.0,1178.0,1294.0,1618.0
Бургас,Бургас,Male,1270.0,1299.0,1294.0,1282.0,1335.0,1463.0,1711.0
Бургас,Бургас,Total,2424.0,2463.0,2497.0,2469.0,2513.0,2757.0,3329.0
Бургас,Камено,Female,95.0,92.0,98.0,99.0,87.0,111.0,155.0
Бургас,Камено,Male,124.0,119.0,142.0,124.0,118.0,131.0,156.0
Бургас,Камено,Total,219.0,211.0,240.0,223.0,205.0,242.0,311.0
Бургас,Карнобат,Female,214.0,183.0,218.0,199.0,204.0,221.0,283.0
Бургас,Карнобат,Male,203.0,216.0,193.0,230.0,213.0,262.0,306.0
Бургас,Карнобат,Total,417.0,399.0,411.0,429.0,417.0,483.0,589.0
Бургас,Малко Търново,Female,47.0,40.0,45.0,50.0,54.0,38.0,52.0
Бургас,Малко Търново,Male,39.0,45.0,41.0,44.0,45.0,33.0,58.0
Бургас,Малко Търново,Total,86.0,85.0,86.0,94.0,99.0,71.0,110.0
Бургас,Несебър,Female,115.0,116.0,148.0,114.0,129.0,136.0,197.0
Бургас,Несебър,Male,150.0,176.0,174.0,158.0,176.0,183.0,229.0
Бургас,Несебър,Total,265.0,292.0,322.0,272.0,305.0,319.0,426.0
Бургас,Поморие,Female,200.0,169.0,192.0,182.0,191.0,177.0,221.0
Бургас,Поморие,Male,196.0,199.0,201.0,201.0,210.0,227.0,268.0
Бургас,Поморие,Total,396.0,368.0,393.0,383.0,401.0,404.0,489.0
Бургас,Приморско,Female,52.0,51.0,48.0,43.0,58.0,56.0,62.0
Бургас,Приморско,Male,57.0,62.0,52.0,43.0,64.0,69.0,76.0
Бургас,Приморско,Total,109.0,113.0,100.0,86.0,122.0,125.0,138.0
Бургас,Руен,Female,119.0,145.0,109.0,150.0,135.0,167.0,204.0
Бургас,Руен,Male,149.0,161.0,181.0,155.0,146.0,200.0,227.0
Бургас,Руен,Total,268.0,306.0,290.0,305.0,281.0,367.0,431.0
Бургас,Созопол,Female,98.0,95.0,101.0,90.0,113.0,103.0,140.0
Бургас,Созопол,Male,135.0,112.0,129.0,131.0,128.0,150.0,162.0
Бургас,Созопол,Total,233.0,207.0,230.0,221.0,241.0,253.0,302.0
Бургас,Средец,Female,157.0,143.0,150.0,146.0,150.0,159.0,157.0
Бургас,Средец,Male,166.0,143.0,157.0,168.0,168.0,173.0,205.0
Бургас,Средец,Total,323.0,286.0,307.0,314.0,318.0,332.0,362.0
Бургас,Сунгурларе,Female,124.0,130.0,122.0,110.0,116.0,129.0,145.0
Бургас,Сунгурларе,Male,135.0,112.0,142.0,120.0,127.0,134.0,149.0
Бургас,Сунгурларе,Total,259.0,242.0,264.0,230.0,243.0,263.0,294.0
Бургас,Царево,Female,68.0,71.0,73.0,80.0,68.0,52.0,80.0
Бургас,Царево,Male,72.0,70.0,88.0,65.0,90.0,74.0,98.0
Бургас,Царево,Total,140.0,141.0,161.0,145.0,158.0,126.0,178.0
Варна,Аврен,Female,91.0,90.0,79.0,84.0,82.0,77.0,111.0
Варна,Аврен,Male,90.0,107.0,102.0,102.0,83.0,127.0,140.0
Варна,Аврен,Total,181.0,197.0,181.0,186.0,165.0,204.0,251.0
Варна,Аксаково,Female,156.0,143.0,191.0,138.0,133.0,185.0,212.0
Варна,Аксаково,Male,151.0,185.0,202.0,201.0,172.0,215.0,252.0
Варна,Аксаково,Total,307.0,328.0,393.0,339.0,305.0,400.0,464.0
Варна,Белослав,Female,69.0,54.0,78.0,69.0,80.0,85.0,107.0
Варна,Белослав,Male,95.0,91.0,76.0,108.0,81.0,97.0,112.0
Варна,Белослав,Total,164.0,145.0,154.0,177.0,161.0,182.0,219.0
Варна,Бяла,Female,38.0,34.0,33.0,30.0,35.0,39.0,41.0
Варна,Бяла,Male,34.0,49.0,41.0,42.0,41.0,44.0,54.0
Варна,Бяла,Total,72.0,83.0,74.0,72.0,76.0,83.0,95.0
Варна,Варна,Female,1732.0,1786.0,1767.0,1922.0,1797.0,2133.0,2719.0
Варна,Варна,Male,2004.0,2020.0,1944.0,1982.0,1972.0,2257.0,2779.0
Варна,Варна,Total,3736.0,3806.0,3711.0,3904.0,3769.0,4390.0,5498.0
Варна,Ветрино,Female,73.0,67.0,67.0,75.0,58.0,65.0,86.0
Варна,Ветрино,Male,86.0,71.0,85.0,64.0,72.0,67.0,89.0
Варна,Ветрино,Total,159.0,138.0,152.0,139.0,130.0,132.0,175.0
Варна,Вълчи дол,Female,105.0,108.0,105.0,107.0,112.0,123.0,134.0
Варна,Вълчи дол,Male,121.0,114.0,149.0,126.0,118.0,134.0,118.0
Варна,Вълчи дол,Total,226.0,222.0,254.0,233.0,230.0,257.0,252.0
Варна,Девня,Female,65.0,65.0,79.0,69.0,56.0,72.0,103.0
Варна,Девня,Male,61.0,65.0,68.0,65.0,70.0,73.0,91.0
Варна,Девня,Total,126.0,130.0,147.0,134.0,126.0,145.0,194.0
Варна,Долни чифлик,Female,130.0,156.0,139.0,140.0,131.0,157.0,166.0
Варна,Долни чифлик,Male,156.0,153.0,146.0,144.0,164.0,166.0,198.0
Варна,Долни чифлик,Total,286.0,309.0,285.0,284.0,295.0,323.0,364.0
Варна,Дългопол,Female,95.0,116.0,115.0,94.0,105.0,103.0,144.0
Варна,Дългопол,Male,130.0,124.0,131.0,125.0,130.0,142.0,177.0
Варна,Дългопол,Total,225.0,240.0,246.0,219.0,235.0,245.0,321.0
Варна,Провадия,Female,194.0,189.0,161.0,164.0,176.0,188.0,225.0
Варна,Провадия,Male,208.0,180.0,178.0,191.0,181.0,226.0,274.0
Варна,Провадия,Total,402.0,369.0,339.0,355.0,357.0,414.0,499.0
Варна,Суворово,Female,68.0,65.0,72.0,74.0,60.0,67.0,84.0
Варна,Суворово,Male,78.0,81.0,87.0,85.0,81.0,88.0,90.0
Варна,Суворово,Total,146.0,146.0,159.0,159.0,141.0,155.0,174.0
Велико Търново,Велико Търново,Female,516.0,520.0,540.0,542.0,542.0,573.0,745.0
Велико Търново,Велико Търново,Male,609.0,580.0,588.0,593.0,608.0,686.0,886.0
Велико Търново,Велико Търново,Total,1125.0,1100.0,1128.0,1135.0,1150.0,1259.0,1631.0
Велико Търново,Горна Оряховица,Female,354.0,368.0,340.0,332.0,357.0,391.0,486.0
Велико Търново,Горна Оряховица,Male,353.0,388.0,408.0,365.0,351.0,427.0,544.0
Велико Търново,Горна Оряховица,Total,707.0,756.0,748.0,697.0,708.0,818.0,1030.0
Велико Търново,Елена,Female,84.0,79.0,81.0,89.0,82.0,88.0,92.0
Велико Търново,Елена,Male,90.0,88.0,116.0,77.0,91.0,90.0,107.0
Велико Търново,Елена,Total,174.0,167.0,197.0,166.0,173.0,178.0,199.0
Велико Търново,Златарица,Female,43.0,31.0,41.0,35.0,39.0,47.0,55.0
Велико Търново,Златарица,Male,40.0,56.0,52.0,43.0,42.0,52.0,57.0
Велико Търново,Златарица,Total,83.0,87.0,93.0,78.0,81.0,99.0,112.0
Велико Търново,Лясковец,Female,132.0,114.0,144.0,157.0,127.0,158.0,189.0
Велико Търново,Лясковец,Male,116.0,137.0,143.0,143.0,134.0,162.0,166.0
Велико Търново,Лясковец,Total,248.0,251.0,287.0,300.0,261.0,320.0,355.0
Велико Търново,Павликени,Female,252.0,240.0,270.0,275.0,270.0,202.0,286.0
Велико Търново,Павликени,Male,254.0,241.0,235.0,232.0,236.0,267.0,329.0
Велико Търново,Павликени,Total,506.0,481.0,505.0,507.0,506.0,469.0,615.0
Велико Търново,Полски Тръмбеш,Female,134.0,141.0,149.0,150.0,132.0,158.0,203.0
Велико Търново,Полски Тръмбеш,Male,175.0,154.0,187.0,170.0,155.0,165.0,197.0
Велико Търново,Полски Тръмбеш,Total,309.0,295.0,336.0,320.0,287.0,323.0,400.0
Велико Търново,Свищов,Female,312.0,305.0,319.0,304.0,301.0,344.0,473.0
Велико Търново,Свищов,Male,371.0,351.0,327.0,340.0,333.0,384.0,413.0
Велико Търново,Свищов,Total,683.0,656.0,646.0,644.0,634.0,728.0,886.0
Велико Търново,Стражица,Female,106.0,90.0,111.0,107.0,103.0,108.0,153.0
Велико Търново,Стражица,Male,123.0,133.0,131.0,105.0,104.0,129.0,173.0
Велико Търново,Стражица,Total,229.0,223.0,242.0,212.0,207.0,237.0,326.0
Велико Търново,Сухиндол,Female,46.0,41.0,50.0,49.0,42.0,33.0,45.0
Велико Търново,Сухиндол,Male,40.0,35.0,41.0,34.0,44.0,35.0,37.0
Велико Търново,Сухиндол,Total,86.0,76.0,91.0,83.0,86.0,68.0,82.0
Видин,Белоградчик,Female,74.0,65.0,65.0,61.0,74.0,79.0,80.0
Видин,Белоградчик,Male,70.0,76.0,69.0,73.0,58.0,74.0,100.0
Видин,Белоградчик,Total,144.0,141.0,134.0,134.0,132.0,153.0,180.0
Видин,Бойница,Female,26.0,35.0,21.0,36.0,30.0,24.0,23.0
Видин,Бойница,Male,26.0,21.0,25.0,19.0,15.0,16.0,31.0
Видин,Бойница,Total,52.0,56.0,46.0,55.0,45.0,40.0,54.0
Видин,Брегово,Female,71.0,71.0,70.0,66.0,74.0,65.0,75.0
Видин,Брегово,Male,88.0,93.0,74.0,72.0,86.0,81.0,96.0
Видин,Брегово,Total,159.0,164.0,144.0,138.0,160.0,146.0,171.0
Видин,Видин,Female,496.0,524.0,496.0,450.0,464.0,556.0,657.0
Видин,Видин,Male,528.0,503.0,511.0,479.0,489.0,625.0,744.0
Видин,Видин,Total,1024.0,1027.0,1007.0,929.0,953.0,1181.0,1401.0
Видин,Грамада,Female,34.0,29.0,27.0,25.0,19.0,28.0,27.0
Видин,Грамада,Male,34.0,33.0,38.0,38.0,27.0,31.0,42.0
Видин,Грамада,Total,68.0,62.0,65.0,63.0,46.0,59.0,69.0
Видин,Димово,Female,92.0,88.0,66.0,76.0,87.0,97.0,95.0
Видин,Димово,Male,96.0,86.0,87.0,96.0,80.0,82.0,100.0
Видин,Димово,Total,188.0,174.0,153.0,172.0,167.0,179.0,195.0
Видин,Кула,Female,72.0,69.0,47.0,66.0,55.0,88.0,66.0
Видин,Кула,Male,69.0,61.0,64.0,64.0,57.0,86.0,65.0
Видин,Кула,Total,141.0,130.0,111.0,130.0,112.0,174.0,131.0
Видин,Макреш,Female,27.0,24.0,36.0,20.0,24.0,19.0,35.0
Видин,Макреш,Male,21.0,30.0,27.0,37.0,26.0,30.0,33.0
Видин,Макреш,Total,48.0,54.0,63.0,57.0,50.0,49.0,68.0
Видин,Ново село,Female,41.0,55.0,53.0,61.0,51.0,57.0,46.0
Видин,Ново село,Male,49.0,48.0,36.0,54.0,49.0,50.0,68.0
Видин,Ново село,Total,90.0,103.0,89.0,115.0,100.0,107.0,114.0
Видин,Ружинци,Female,63.0,53.0,58.0,62.0,56.0,49.0,66.0
Видин,Ружинци,Male,60.0,66.0,58.0,65.0,47.0,59.0,69.0
Видин,Ружинци,Total,123.0,119.0,116.0,127.0,103.0,108.0,135.0
Видин,Чупрене,Female,34.0,25.0,42.0,40.0,31.0,34.0,27.0
Видин,Чупрене,Male,34.0,26.0,29.0,32.0,23.0,39.0,37.0
Видин,Чупрене,Total,68.0,51.0,71.0,72.0,54.0,73.0,64.0
Враца,Борован,Female,53.0,47.0,48.0,61.0,54.0,64.0,68.0
Враца,Борован,Male,77.0,60.0,66.0,56.0,54.0,62.0,76.0
Враца,Борован,Total,130.0,107.0,114.0,117.0,108.0,126.0,144.0
Враца,Бяла Слатина,Female,229.0,211.0,257.0,233.0,182.0,237.0,269.0
Враца,Бяла Слатина,Male,234.0,237.0,238.0,228.0,200.0,259.0,310.0
Враца,Бяла Слатина,Total,463.0,448.0,495.0,461.0,382.0,496.0,579.0
Враца,Враца,Female,509.0,483.0,528.0,493.0,510.0,520.0,764.0
Враца,Враца,Male,553.0,534.0,516.0,548.0,593.0,633.0,815.0
Враца,Враца,Total,1062.0,1017.0,1044.0,1041.0,1103.0,1153.0,1579.0
Враца,Козлодуй,Female,143.0,146.0,158.0,144.0,161.0,162.0,181.0
Враца,Козлодуй,Male,166.0,141.0,157.0,150.0,593.0,191.0,213.0
Враца,Козлодуй,Total,309.0,287.0,315.0,294.0,306.0,353.0,394.0
Враца,Криводол,Female,134.0,109.0,141.0,133.0,105.0,110.0,128.0
Враца,Криводол,Male,146.0,128.0,152.0,130.0,136.0,145.0,167.0
Враца,Криводол,Total,280.0,237.0,293.0,263.0,241.0,255.0,295.0
Враца,Мездра,Female,173.0,207.0,190.0,198.0,178.0,215.0,255.0
Враца,Мездра,Male,203.0,199.0,224.0,213.0,221.0,245.0,289.0
Враца,Мездра,Total,376.0,406.0,414.0,411.0,399.0,460.0,544.0
Враца,Мизия,Female,79.0,64.0,76.0,79.0,70.0,69.0,90.0
Враца,Мизия,Male,78.0,80.0,95.0,79.0,77.0,87.0,96.0
Враца,Мизия,Total,157.0,144.0,171.0,158.0,147.0,156.0,186.0
Враца,Оряхово,Female,127.0,129.0,112.0,123.0,106.0,125.0,153.0
Враца,Оряхово,Male,157.0,127.0,126.0,120.0,119.0,138.0,147.0
Враца,Оряхово,Total,284.0,256.0,238.0,243.0,225.0,263.0,300.0
Враца,Роман,Female,68.0,76.0,73.0,73.0,48.0,62.0,73.0
Враца,Роман,Male,77.0,80.0,68.0,70.0,79.0,84.0,106.0
Враца,Роман,Total,145.0,156.0,141.0,143.0,127.0,146.0,179.0
Враца,Хайредин,Female,86.0,73.0,72.0,45.0,69.0,69.0,82.0
Враца,Хайредин,Male,83.0,73.0,62.0,65.0,73.0,62.0,82.0
Враца,Хайредин,Total,169.0,146.0,134.0,110.0,142.0,131.0,164.0
Габрово,Габрово,Female,516.0,538.0,559.0,519.0,523.0,573.0,770.0
Габрово,Габрово,Male,563.0,541.0,585.0,561.0,538.0,623.0,671.0
Габрово,Габрово,Total,1079.0,1079.0,1144.0,1080.0,1061.0,1196.0,1441.0
Габрово,Дряново,Female,90.0,111.0,120.0,94.0,87.0,151.0,129.0
Габрово,Дряново,Male,105.0,102.0,106.0,116.0,89.0,127.0,148.0
Габрово,Дряново,Total,195.0,213.0,226.0,210.0,176.0,278.0,277.0
Габрово,Севлиево,Female,354.0,328.0,391.0,349.0,320.0,380.0,441.0
Габрово,Севлиево,Male,373.0,364.0,349.0,340.0,329.0,392.0,479.0
Габрово,Севлиево,Total,727.0,692.0,740.0,689.0,649.0,772.0,920.0
Габрово,Трявна,Female,104.0,86.0,115.0,102.0,106.0,135.0,156.0
Габрово,Трявна,Male,129.0,99.0,102.0,103.0,122.0,163.0,121.0
Габрово,Трявна,Total,233.0,185.0,217.0,205.0,228.0,298.0,277.0
Добрич,Балчик,Female,166.0,152.0,130.0,139.0,144.0,160.0,198.0
Добрич,Балчик,Male,186.0,187.0,183.0,181.0,189.0,205.0,229.0
Добрич,Балчик,Total,352.0,339.0,313.0,320.0,333.0,365.0,427.0
Добрич,Генерал Тошево,Female,152.0,141.0,137.0,115.0,155.0,143.0,166.0
Добрич,Генерал Тошево,Male,168.0,169.0,144.0,166.0,156.0,157.0,197.0
Добрич,Генерал Тошево,Total,320.0,310.0,281.0,281.0,311.0,300.0,363.0
Добрич,Добрич,Female,514.0,468.0,537.0,596.0,534.0,623.0,795.0
Добрич,Добрич,Male,593.0,590.0,614.0,585.0,646.0,750.0,894.0
Добрич,Добрич,Total,1107.0,1058.0,1151.0,1181.0,1180.0,1373.0,1689.0
Добрич,Добрич-селска,Female,253.0,210.0,231.0,222.0,225.0,220.0,257.0
Добрич,Добрич-селска,Male,278.0,241.0,288.0,247.0,233.0,279.0,327.0
Добрич,Добрич-селска,Total,531.0,451.0,519.0,469.0,458.0,499.0,584.0
Добрич,Каварна,Female,126.0,96.0,115.0,103.0,94.0,150.0,159.0
Добрич,Каварна,Male,135.0,113.0,126.0,118.0,117.0,134.0,176.0
Добрич,Каварна,Total,261.0,209.0,241.0,221.0,211.0,284.0,335.0
Добрич,Крушари,Female,38.0,35.0,36.0,43.0,33.0,38.0,37.0
Добрич,Крушари,Male,63.0,41.0,44.0,57.0,52.0,35.0,65.0
Добрич,Крушари,Total,101.0,76.0,80.0,100.0,85.0,73.0,102.0
Добрич,Тервел,Female,103.0,106.0,113.0,86.0,106.0,121.0,140.0
Добрич,Тервел,Male,133.0,141.0,142.0,136.0,127.0,154.0,161.0
Добрич,Тервел,Total,236.0,247.0,255.0,222.0,233.0,275.0,301.0
Добрич,Шабла,Female,52.0,50.0,55.0,51.0,57.0,45.0,68.0
Добрич,Шабла,Male,57.0,44.0,62.0,63.0,44.0,48.0,79.0
Добрич,Шабла,Total,109.0,94.0,117.0,114.0,101.0,93.0,147.0
Кърджали,Ардино,Female,81.0,83.0,89.0,78.0,89.0,100.0,123.0
Кърджали,Ардино,Male,87.0,94.0,88.0,115.0,92.0,117.0,135.0
Кърджали,Ардино,Total,168.0,177.0,177.0,193.0,181.0,217.0,258.0
Кърджали,Джебел,Female,44.0,35.0,37.0,34.0,44.0,53.0,59.0
Кърджали,Джебел,Male,58.0,58.0,54.0,59.0,46.0,60.0,74.0
Кърджали,Джебел,Total,102.0,93.0,91.0,93.0,90.0,113.0,133.0
Кърджали,Кирково,Female,136.0,155.0,153.0,141.0,150.0,171.0,222.0
Кърджали,Кирково,Male,164.0,162.0,164.0,162.0,183.0,202.0,248.0
Кърджали,Кирково,Total,300.0,317.0,317.0,303.0,333.0,373.0,470.0
Кърджали,Крумовград,Female,122.0,105.0,118.0,110.0,99.0,121.0,178.0
Кърджали,Крумовград,Male,145.0,127.0,138.0,122.0,133.0,139.0,198.0
Кърджали,Крумовград,Total,267.0,232.0,256.0,232.0,232.0,260.0,376.0
Кърджали,Кърджали,Female,362.0,361.0,400.0,376.0,391.0,432.0,564.0
Кърджали,Кърджали,Male,403.0,436.0,407.0,411.0,419.0,522.0,588.0
Кърджали,Кърджали,Total,765.0,797.0,807.0,787.0,810.0,954.0,1152.0
Кърджали,Момчилград,Female,98.0,68.0,83.0,88.0,83.0,104.0,107.0
Кърджали,Момчилград,Male,92.0,88.0,104.0,116.0,112.0,123.0,140.0
Кърджали,Момчилград,Total,190.0,156.0,187.0,204.0,195.0,227.0,247.0
Кърджали,Черноочене,Female,64.0,54.0,68.0,60.0,59.0,63.0,87.0
Кърджали,Черноочене,Male,53.0,76.0,56.0,69.0,62.0,83.0,94.0
Кърджали,Черноочене,Total,117.0,130.0,124.0,129.0,121.0,146.0,181.0
Кюстендил,Бобов дол,Female,72.0,72.0,84.0,68.0,68.0,101.0,113.0
Кюстендил,Бобов дол,Male,98.0,99.0,105.0,93.0,106.0,111.0,129.0
Кюстендил,Бобов дол,Total,170.0,171.0,189.0,161.0,174.0,212.0,242.0
Кюстендил,Бобошево,Female,34.0,37.0,50.0,40.0,33.0,43.0,58.0
Кюстендил,Бобошево,Male,46.0,40.0,52.0,27.0,44.0,56.0,40.0
Кюстендил,Бобошево,Total,80.0,77.0,102.0,67.0,77.0,99.0,98.0
Кюстендил,Дупница,Female,352.0,346.0,330.0,340.0,316.0,402.0,467.0
Кюстендил,Дупница,Male,394.0,389.0,365.0,400.0,388.0,455.0,506.0
Кюстендил,Дупница,Total,746.0,735.0,695.0,740.0,704.0,857.0,973.0
Кюстендил,Кочериново,Female,66.0,57.0,78.0,73.0,54.0,68.0,82.0
Кюстендил,Кочериново,Male,68.0,69.0,69.0,70.0,75.0,77.0,78.0
Кюстендил,Кочериново,Total,134.0,126.0,147.0,143.0,129.0,145.0,160.0
Кюстендил,Кюстендил,Female,506.0,477.0,509.0,480.0,475.0,560.0,660.0
Кюстендил,Кюстендил,Male,483.0,549.0,553.0,507.0,529.0,580.0,732.0
Кюстендил,Кюстендил,Total,989.0,1026.0,1062.0,987.0,1004.0,1140.0,1392.0
Кюстендил,Невестино,Female,58.0,59.0,51.0,55.0,35.0,38.0,48.0
Кюстендил,Невестино,Male,46.0,47.0,45.0,56.0,55.0,54.0,62.0
Кюстендил,Невестино,Total,104.0,106.0,96.0,111.0,90.0,92.0,110.0
Кюстендил,Рила,Female,32.0,34.0,38.0,36.0,44.0,34.0,49.0
Кюстендил,Рила,Male,38.0,42.0,43.0,21.0,37.0,36.0,47.0
Кюстендил,Рила,Total,70.0,76.0,81.0,57.0,81.0,70.0,96.0
Кюстендил,Сапарева баня,Female,57.0,62.0,52.0,62.0,55.0,62.0,97.0
Кюстендил,Сапарева баня,Male,85.0,64.0,83.0,77.0,83.0,109.0,88.0
Кюстендил,Сапарева баня,Total,142.0,126.0,135.0,139.0,138.0,171.0,185.0
Кюстендил,Трекляно,Female,17.0,20.0,10.0,17.0,21.0,8.0,16.0
Кюстендил,Трекляно,Male,21.0,22.0,16.0,14.0,18.0,13.0,23.0
Кюстендил,Трекляно,Total,38.0,42.0,26.0,31.0,39.0,21.0,39.0
Ловеч,Априлци,Female,43.0,40.0,51.0,30.0,44.0,44.0,48.0
Ловеч,Априлци,Male,49.0,56.0,34.0,39.0,37.0,42.0,49.0
Ловеч,Априлци,Total,92.0,96.0,85.0,69.0,81.0,86.0,97.0
Ловеч,Летница,Female,27.0,45.0,48.0,41.0,37.0,40.0,53.0
Ловеч,Летница,Male,33.0,49.0,38.0,38.0,53.0,55.0,50.0
Ловеч,Летница,Total,60.0,94.0,86.0,79.0,90.0,95.0,103.0
Ловеч,Ловеч,Female,410.0,431.0,393.0,400.0,419.0,473.0,515.0
Ловеч,Ловеч,Male,447.0,448.0,512.0,468.0,488.0,524.0,617.0
Ловеч,Ловеч,Total,857.0,879.0,905.0,868.0,907.0,997.0,1132.0
Ловеч,Луковит,Female,166.0,156.0,166.0,138.0,148.0,160.0,190.0
Ловеч,Луковит,Male,156.0,163.0,191.0,161.0,178.0,187.0,210.0
Ловеч,Луковит,Total,322.0,319.0,357.0,299.0,326.0,347.0,400.0
Ловеч,Тетевен,Female,160.0,130.0,184.0,140.0,145.0,185.0,217.0
Ловеч,Тетевен,Male,183.0,153.0,190.0,170.0,176.0,195.0,239.0
Ловеч,Тетевен,Total,343.0,283.0,374.0,310.0,321.0,380.0,456.0
Ловеч,Троян,Female,278.0,255.0,306.0,281.0,309.0,285.0,393.0
Ловеч,Троян,Male,298.0,280.0,272.0,305.0,291.0,312.0,399.0
Ловеч,Троян,Total,576.0,535.0,578.0,586.0,600.0,597.0,792.0
Ловеч,Угърчин,Female,107.0,90.0,85.0,85.0,69.0,77.0,84.0
Ловеч,Угърчин,Male,82.0,103.0,93.0,81.0,70.0,73.0,83.0
Ловеч,Угърчин,Total,189.0,193.0,178.0,166.0,139.0,150.0,167.0
Ловеч,Ябланица,Female,49.0,48.0,58.0,55.0,57.0,49.0,76.0
Ловеч,Ябланица,Male,54.0,63.0,78.0,50.0,61.0,53.0,74.0
Ловеч,Ябланица,Total,103.0,111.0,136.0,105.0,118.0,102.0,150.0
Монтана,Берковица,Female,218.0,196.0,203.0,207.0,195.0,220.0,226.0
Монтана,Берковица,Male,182.0,200.0,181.0,183.0,164.0,245.0,254.0
Монтана,Берковица,Total,400.0,396.0,384.0,390.0,359.0,465.0,480.0
Монтана,Бойчиновци,Female,116.0,109.0,108.0,119.0,118.0,116.0,117.0
Монтана,Бойчиновци,Male,137.0,119.0,127.0,109.0,114.0,118.0,159.0
Монтана,Бойчиновци,Total,253.0,228.0,235.0,228.0,232.0,234.0,276.0
Монтана,Брусарци,Female,69.0,52.0,63.0,58.0,54.0,49.0,75.0
Монтана,Брусарци,Male,64.0,78.0,58.0,66.0,57.0,76.0,96.0
Монтана,Брусарци,Total,133.0,130.0,121.0,124.0,111.0,125.0,171.0
Монтана,Вълчедръм,Female,117.0,99.0,116.0,103.0,108.0,120.0,155.0
Монтана,Вълчедръм,Male,123.0,132.0,117.0,103.0,113.0,112.0,131.0
Монтана,Вълчедръм,Total,240.0,231.0,233.0,206.0,221.0,232.0,286.0
Монтана,Вършец,Female,64.0,78.0,66.0,75.0,77.0,80.0,89.0
Монтана,Вършец,Male,94.0,77.0,74.0,79.0,66.0,87.0,92.0
Монтана,Вършец,Total,158.0,155.0,140.0,154.0,143.0,167.0,181.0
Монтана,Георги Дамяново,Female,40.0,42.0,49.0,43.0,43.0,41.0,50.0
Монтана,Георги Дамяново,Male,61.0,49.0,31.0,50.0,43.0,51.0,50.0
Монтана,Георги Дамяново,Total,101.0,91.0,80.0,93.0,86.0,92.0,100.0
Монтана,Лом,Female,282.0,279.0,240.0,304.0,282.0,285.0,359.0
Монтана,Лом,Male,254.0,302.0,272.0,249.0,236.0,349.0,374.0
Монтана,Лом,Total,536.0,581.0,512.0,553.0,518.0,634.0,733.0
Монтана,Медковец,Female,38.0,47.0,55.0,46.0,49.0,59.0,66.0
Монтана,Медковец,Male,48.0,57.0,57.0,61.0,58.0,41.0,66.0
Монтана,Медковец,Total,86.0,104.0,112.0,107.0,107.0,100.0,132.0
Монтана,Монтана,Female,377.0,350.0,367.0,364.0,385.0,393.0,546.0
Монтана,Монтана,Male,459.0,426.0,411.0,408.0,439.0,564.0,627.0
Монтана,Монтана,Total,836.0,776.0,778.0,772.0,824.0,957.0,1173.0
Монтана,Чипровци,Female,52.0,48.0,43.0,45.0,39.0,47.0,69.0
Монтана,Чипровци,Male,38.0,46.0,66.0,55.0,48.0,59.0,68.0
Монтана,Чипровци,Total,90.0,94.0,109.0,100.0,87.0,106.0,137.0
Монтана,Якимово,Female,54.0,54.0,54.0,52.0,49.0,52.0,72.0
Монтана,Якимово,Male,63.0,56.0,54.0,62.0,62.0,52.0,74.0
Монтана,Якимово,Total,117.0,110.0,108.0,114.0,111.0,104.0,146.0
Пазарджик,Батак,Female,51.0,46.0,56.0,38.0,53.0,59.0,72.0
Пазарджик,Батак,Male,48.0,44.0,46.0,44.0,52.0,68.0,71.0
Пазарджик,Батак,Total,99.0,90.0,102.0,82.0,105.0,127.0,143.0
Пазарджик,Белово,Female,74.0,85.0,83.0,65.0,91.0,87.0,102.0
Пазарджик,Белово,Male,74.0,89.0,96.0,92.0,94.0,119.0,110.0
Пазарджик,Белово,Total,148.0,174.0,179.0,157.0,185.0,206.0,212.0
Пазарджик,Брацигово,Female,81.0,81.0,86.0,70.0,87.0,101.0,109.0
Пазарджик,Брацигово,Male,84.0,91.0,84.0,99.0,100.0,78.0,119.0
Пазарджик,Брацигово,Total,165.0,172.0,170.0,169.0,187.0,179.0,228.0
Пазарджик,Велинград,Female,252.0,255.0,221.0,225.0,230.0,289.0,305.0
Пазарджик,Велинград,Male,244.0,225.0,268.0,255.0,239.0,297.0,332.0
Пазарджик,Велинград,Total,496.0,480.0,489.0,480.0,469.0,586.0,637.0
Пазарджик,Лесичово,Female,73.0,58.0,68.0,77.0,59.0,44.0,71.0
Пазарджик,Лесичово,Male,47.0,71.0,59.0,56.0,57.0,83.0,90.0
Пазарджик,Лесичово,Total,120.0,129.0,127.0,133.0,116.0,127.0,161.0
Пазарджик,Пазарджик,Female,748.0,710.0,818.0,730.0,771.0,926.0,1039.0
Пазарджик,Пазарджик,Male,844.0,832.0,854.0,770.0,833.0,1026.0,1186.0
Пазарджик,Пазарджик,Total,1592.0,1542.0,1672.0,1500.0,1604.0,1952.0,2225.0
Пазарджик,Панагюрище,Female,217.0,205.0,204.0,155.0,173.0,189.0,278.0
Пазарджик,Панагюрище,Male,203.0,198.0,201.0,206.0,198.0,267.0,302.0
Пазарджик,Панагюрище,Total,420.0,403.0,405.0,361.0,371.0,456.0,580.0
Пазарджик,Пещера,Female,112.0,106.0,137.0,122.0,109.0,147.0,165.0
Пазарджик,Пещера,Male,131.0,125.0,125.0,130.0,147.0,184.0,210.0
Пазарджик,Пещера,Total,243.0,231.0,262.0,252.0,256.0,331.0,375.0
Пазарджик,Ракитово,Female,100.0,75.0,106.0,100.0,97.0,102.0,140.0
Пазарджик,Ракитово,Male,121.0,97.0,81.0,89.0,97.0,122.0,151.0
Пазарджик,Ракитово,Total,221.0,172.0,187.0,189.0,194.0,224.0,291.0
Пазарджик,Септември,Female,197.0,183.0,204.0,183.0,198.0,196.0,240.0
Пазарджик,Септември,Male,222.0,193.0,204.0,204.0,192.0,235.0,273.0
Пазарджик,Септември,Total,419.0,376.0,408.0,387.0,390.0,431.0,513.0
Пазарджик,Стрелча,Female,41.0,54.0,45.0,49.0,34.0,53.0,53.0
Пазарджик,Стрелча,Male,58.0,56.0,53.0,57.0,58.0,61.0,80.0
Пазарджик,Стрелча,Total,99.0,110.0,98.0,106.0,92.0,114.0,133.0
Пазарджик,Сърница,Female,29.0,25.0,28.0,16.0,18.0,36.0,33.0
Пазарджик,Сърница,Male,31.0,28.0,24.0,22.0,29.0,38.0,26.0
Пазарджик,Сърница,Total,60.0,53.0,52.0,38.0,47.0,74.0,59.0
Перник,Брезник,Female,110.0,94.0,121.0,135.0,135.0,97.0,143.0
Перник,Брезник,Male,135.0,129.0,135.0,110.0,111.0,112.0,133.0
Перник,Брезник,Total,245.0,223.0,256.0,245.0,246.0,209.0,276.0
Перник,Земен,Female,54.0,39.0,47.0,37.0,40.0,40.0,52.0
Перник,Земен,Male,52.0,50.0,47.0,45.0,49.0,53.0,49.0
Перник,Земен,Total,106.0,89.0,94.0,82.0,89.0,93.0,101.0
Перник,Ковачевци,Female,34.0,35.0,24.0,35.0,28.0,38.0,48.0
Перник,Ковачевци,Male,35.0,33.0,43.0,46.0,48.0,43.0,48.0
Перник,Ковачевци,Total,69.0,68.0,67.0,81.0,76.0,81.0,96.0
Перник,Перник,Female,697.0,672.0,685.0,684.0,692.0,763.0,1028.0
Перник,Перник,Male,755.0,757.0,789.0,743.0,772.0,923.0,1179.0
Перник,Перник,Total,1452.0,1429.0,1474.0,1427.0,1464.0,1686.0,2207.0
Перник,Радомир,Female,198.0,219.0,228.0,183.0,199.0,223.0,236.0
Перник,Радомир,Male,261.0,230.0,225.0,253.0,229.0,286.0,297.0
Перник,Радомир,Total,459.0,449.0,453.0,436.0,428.0,509.0,533.0
Перник,Трън,Female,62.0,67.0,55.0,49.0,73.0,82.0,91.0
Перник,Трън,Male,61.0,70.0,46.0,64.0,75.0,95.0,78.0
Перник,Трън,Total,123.0,137.0,101.0,113.0,148.0,177.0,169.0
Плевен,Белене,Female,87.0,83.0,82.0,85.0,96.0,105.0,108.0
Плевен,Белене,Male,108.0,92.0,98.0,85.0,86.0,104.0,110.0
Плевен,Белене,Total,195.0,175.0,180.0,170.0,182.0,209.0,218.0
Плевен,Гулянци,Female,171.0,159.0,172.0,146.0,152.0,138.0,184.0
Плевен,Гулянци,Male,176.0,167.0,148.0,153.0,160.0,171.0,188.0
Плевен,Гулянци,Total,347.0,326.0,320.0,299.0,312.0,309.0,372.0
Плевен,Долна Митрополия,Female,255.0,229.0,219.0,227.0,226.0,208.0,262.0
Плевен,Долна Митрополия,Male,237.0,211.0,210.0,230.0,227.0,248.0,292.0
Плевен,Долна Митрополия,Total,492.0,440.0,429.0,457.0,453.0,456.0,554.0
Плевен,Долни Дъбник,Female,102.0,130.0,117.0,114.0,113.0,125.0,135.0
Плевен,Долни Дъбник,Male,129.0,145.0,107.0,116.0,126.0,130.0,172.0
Плевен,Долни Дъбник,Total,231.0,275.0,224.0,230.0,239.0,255.0,307.0
Плевен,Искър,Female,86.0,63.0,86.0,66.0,82.0,65.0,71.0
Плевен,Искър,Male,74.0,67.0,75.0,78.0,86.0,83.0,87.0
Плевен,Искър,Total,160.0,130.0,161.0,144.0,168.0,148.0,158.0
Плевен,Кнежа,Female,114.0,115.0,125.0,119.0,112.0,142.0,147.0
Плевен,Кнежа,Male,114.0,132.0,144.0,122.0,110.0,161.0,163.0
Плевен,Кнежа,Total,228.0,247.0,269.0,241.0,222.0,303.0,310.0
Плевен,Левски,Female,177.0,203.0,177.0,176.0,183.0,213.0,261.0
Плевен,Левски,Male,241.0,224.0,230.0,210.0,200.0,231.0,268.0
Плевен,Левски,Total,418.0,427.0,407.0,386.0,383.0,444.0,529.0
Плевен,Никопол,Female,119.0,111.0,125.0,96.0,108.0,104.0,118.0
Плевен,Никопол,Male,129.0,120.0,89.0,101.0,123.0,137.0,134.0
Плевен,Никопол,Total,248.0,231.0,214.0,197.0,231.0,241.0,252.0
Плевен,Плевен,Female,830.0,823.0,858.0,847.0,844.0,969.0,1248.0
Плевен,Плевен,Male,925.0,925.0,884.0,943.0,963.0,1058.0,1346.0
Плевен,Плевен,Total,1755.0,1748.0,1742.0,1790.0,1807.0,2027.0,2594.0
Плевен,Пордим,Female,73.0,77.0,81.0,80.0,73.0,82.0,93.0
Плевен,Пордим,Male,87.0,78.0,93.0,85.0,75.0,84.0,96.0
Плевен,Пордим,Total,160.0,155.0,174.0,165.0,148.0,166.0,189.0
Плевен,Червен бряг,Female,251.0,228.0,251.0,218.0,230.0,248.0,327.0
Плевен,Червен бряг,Male,260.0,242.0,255.0,270.0,249.0,294.0,336.0
Плевен,Червен бряг,Total,511.0,470.0,506.0,488.0,479.0,542.0,663.0
Пловдив,Асеновград,Female,446.0,458.0,433.0,460.0,437.0,550.0,588.0
Пловдив,Асеновград,Male,515.0,465.0,525.0,498.0,473.0,596.0,653.0
Пловдив,Асеновград,Total,961.0,923.0,958.0,958.0,910.0,1146.0,1241.0
Пловдив,Брезово,Female,96.0,98.0,91.0,95.0,86.0,95.0,118.0
Пловдив,Брезово,Male,101.0,96.0,101.0,112.0,79.0,119.0,113.0
Пловдив,Брезово,Total,197.0,194.0,192.0,207.0,165.0,214.0,231.0
Пловдив,Калояново,Female,159.0,163.0,142.0,160.0,150.0,150.0,198.0
Пловдив,Калояново,Male,164.0,152.0,158.0,150.0,115.0,140.0,190.0
Пловдив,Калояново,Total,323.0,315.0,300.0,310.0,265.0,290.0,388.0
Пловдив,Карлово,Female,386.0,372.0,390.0,387.0,393.0,456.0,562.0
Пловдив,Карлово,Male,435.0,440.0,406.0,428.0,401.0,467.0,541.0
Пловдив,Карлово,Total,821.0,812.0,796.0,815.0,794.0,923.0,1103.0
Пловдив,Кричим,Female,61.0,50.0,51.0,67.0,48.0,58.0,78.0
Пловдив,Кричим,Male,60.0,63.0,68.0,45.0,58.0,67.0,91.0
Пловдив,Кричим,Total,121.0,113.0,119.0,112.0,106.0,125.0,169.0
Пловдив,Куклен,Female,37.0,48.0,49.0,36.0,48.0,79.0,84.0
Пловдив,Куклен,Male,62.0,55.0,54.0,56.0,45.0,72.0,73.0
Пловдив,Куклен,Total,99.0,103.0,103.0,92.0,93.0,151.0,157.0
Пловдив,Лъки,Female,18.0,27.0,12.0,18.0,21.0,27.0,28.0
Пловдив,Лъки,Male,30.0,37.0,26.0,30.0,26.0,38.0,31.0
Пловдив,Лъки,Total,48.0,64.0,38.0,48.0,47.0,65.0,59.0
Пловдив,Марица,Female,251.0,218.0,223.0,205.0,227.0,251.0,335.0
Пловдив,Марица,Male,309.0,244.0,286.0,282.0,251.0,343.0,366.0
Пловдив,Марица,Total,560.0,462.0,509.0,487.0,478.0,594.0,701.0
Пловдив,Перущица,Female,35.0,39.0,52.0,34.0,49.0,53.0,39.0
Пловдив,Перущица,Male,40.0,37.0,34.0,41.0,39.0,63.0,66.0
Пловдив,Перущица,Total,75.0,76.0,86.0,75.0,88.0,116.0,105.0
Пловдив,Пловдив,Female,1946.0,2012.0,2027.0,2012.0,2008.0,2366.0,2991.0
Пловдив,Пловдив,Male,2039.0,2075.0,2032.0,2068.0,2160.0,2565.0,2979.0
Пловдив,Пловдив,Total,3985.0,4087.0,4059.0,4080.0,4168.0,4931.0,5970.0
Пловдив,Първомай,Female,285.0,274.0,267.0,255.0,253.0,287.0,307.0
Пловдив,Първомай,Male,284.0,298.0,262.0,276.0,272.0,278.0,325.0
Пловдив,Първомай,Total,569.0,572.0,529.0,531.0,525.0,565.0,632.0
Пловдив,Раковски,Female,198.0,203.0,177.0,198.0,190.0,215.0,244.0
Пловдив,Раковски,Male,230.0,223.0,223.0,220.0,205.0,230.0,266.0
Пловдив,Раковски,Total,428.0,426.0,400.0,418.0,395.0,445.0,510.0
Пловдив,Родопи,Female,281.0,259.0,250.0,273.0,263.0,296.0,362.0
Пловдив,Родопи,Male,273.0,267.0,299.0,299.0,296.0,351.0,414.0
Пловдив,Родопи,Total,554.0,526.0,549.0,572.0,559.0,647.0,776.0
Пловдив,Садово,Female,109.0,120.0,126.0,123.0,116.0,137.0,164.0
Пловдив,Садово,Male,156.0,120.0,127.0,128.0,127.0,146.0,182.0
Пловдив,Садово,Total,265.0,240.0,253.0,251.0,243.0,283.0,346.0
Пловдив,Сопот,Female,63.0,52.0,57.0,56.0,73.0,89.0,100.0
Пловдив,Сопот,Male,56.0,71.0,78.0,73.0,71.0,82.0,97.0
Пловдив,Сопот,Total,119.0,123.0,135.0,129.0,144.0,171.0,197.0
Пловдив,Стамболийски,Female,173.0,131.0,146.0,138.0,129.0,175.0,224.0
Пловдив,Стамболийски,Male,152.0,165.0,162.0,148.0,174.0,183.0,231.0
Пловдив,Стамболийски,Total,325.0,296.0,308.0,286.0,303.0,358.0,455.0
Пловдив,Съединение,Female,106.0,105.0,130.0,112.0,105.0,118.0,123.0
Пловдив,Съединение,Male,103.0,106.0,124.0,111.0,122.0,144.0,155.0
Пловдив,Съединение,Total,209.0,211.0,254.0,223.0,227.0,262.0,278.0
Пловдив,Хисаря,Female,127.0,135.0,158.0,124.0,132.0,129.0,182.0
Пловдив,Хисаря,Male,157.0,146.0,139.0,128.0,127.0,154.0,192.0
Пловдив,Хисаря,Total,284.0,281.0,297.0,252.0,259.0,283.0,374.0
Разград,Завет,Female,62.0,67.0,66.0,71.0,84.0,87.0,109.0
Разград,Завет,Male,85.0,101.0,81.0,82.0,80.0,110.0,107.0
Разград,Завет,Total,147.0,168.0,147.0,153.0,164.0,197.0,216.0
Разград,Исперих,Female,144.0,141.0,155.0,144.0,143.0,208.0,222.0
Разград,Исперих,Male,172.0,161.0,158.0,186.0,182.0,241.0,252.0
Разград,Исперих,Total,316.0,302.0,313.0,330.0,325.0,449.0,474.0
Разград,Кубрат,Female,157.0,154.0,173.0,156.0,166.0,181.0,221.0
Разград,Кубрат,Male,175.0,174.0,160.0,159.0,175.0,202.0,238.0
Разград,Кубрат,Total,332.0,328.0,333.0,315.0,341.0,383.0,459.0
Разград,Лозница,Female,60.0,65.0,42.0,61.0,70.0,83.0,78.0
Разград,Лозница,Male,73.0,75.0,72.0,79.0,75.0,76.0,112.0
Разград,Лозница,Total,133.0,140.0,114.0,140.0,145.0,159.0,190.0
Разград,Разград,Female,388.0,351.0,375.0,378.0,335.0,452.0,512.0
Разград,Разград,Male,410.0,384.0,450.0,390.0,369.0,498.0,537.0
Разград,Разград,Total,798.0,735.0,825.0,768.0,704.0,950.0,1049.0
Разград,Самуил,Female,47.0,57.0,51.0,53.0,50.0,59.0,68.0
Разград,Самуил,Male,50.0,52.0,56.0,56.0,60.0,68.0,88.0
Разград,Самуил,Total,97.0,109.0,107.0,109.0,110.0,127.0,156.0
Разград,Цар Калоян,Female,53.0,46.0,53.0,53.0,44.0,48.0,72.0
Разград,Цар Калоян,Male,61.0,55.0,58.0,54.0,47.0,54.0,69.0
Разград,Цар Калоян,Total,114.0,101.0,111.0,107.0,91.0,102.0,141.0
Русе,Борово,Female,76.0,47.0,68.0,64.0,67.0,80.0,79.0
Русе,Борово,Male,75.0,74.0,73.0,85.0,56.0,83.0,100.0
Русе,Борово,Total,151.0,121.0,141.0,149.0,123.0,163.0,179.0
Русе,Ветово,Female,105.0,86.0,87.0,96.0,101.0,111.0,127.0
Русе,Ветово,Male,109.0,104.0,91.0,108.0,103.0,138.0,157.0
Русе,Ветово,Total,214.0,190.0,178.0,204.0,204.0,249.0,284.0
Русе,Две могили,Female,85.0,98.0,107.0,104.0,90.0,80.0,113.0
Русе,Две могили,Male,77.0,88.0,84.0,114.0,101.0,124.0,132.0
Русе,Две могили,Total,162.0,186.0,191.0,218.0,191.0,204.0,245.0
Русе,Иваново,Female,147.0,118.0,109.0,102.0,93.0,116.0,156.0
Русе,Иваново,Male,118.0,150.0,116.0,137.0,122.0,151.0,157.0
Русе,Иваново,Total,265.0,268.0,225.0,239.0,215.0,267.0,313.0
Русе,Русе,Female,1148.0,1090.0,1128.0,1167.0,1133.0,1313.0,1679.0
Русе,Русе,Male,1148.0,1211.0,1210.0,1241.0,1236.0,1517.0,1712.0
Русе,Русе,Total,2296.0,2301.0,2338.0,2408.0,2369.0,2830.0,3391.0
Русе,Сливо поле,Female,105.0,103.0,112.0,86.0,114.0,114.0,128.0
Русе,Сливо поле,Male,119.0,119.0,107.0,127.0,107.0,123.0,127.0
Русе,Сливо поле,Total,224.0,222.0,219.0,213.0,221.0,237.0,255.0
Русе,Ценово,Female,73.0,75.0,75.0,72.0,58.0,69.0,88.0
Русе,Ценово,Male,78.0,82.0,77.0,83.0,63.0,81.0,88.0
Русе,Ценово,Total,151.0,157.0,152.0,155.0,121.0,150.0,176.0
Силистра,Алфатар,Female,27.0,32.0,23.0,35.0,30.0,31.0,31.0
Силистра,Алфатар,Male,38.0,37.0,41.0,42.0,29.0,41.0,52.0
Силистра,Алфатар,Total,65.0,69.0,64.0,77.0,59.0,72.0,83.0
Силистра,Главиница,Female,95.0,72.0,70.0,104.0,79.0,86.0,141.0
Силистра,Главиница,Male,102.0,94.0,99.0,102.0,99.0,108.0,129.0
Силистра,Главиница,Total,197.0,166.0,169.0,206.0,178.0,194.0,270.0
Силистра,Дулово,Female,175.0,160.0,149.0,184.0,207.0,260.0,283.0
Силистра,Дулово,Male,220.0,238.0,216.0,226.0,218.0,300.0,329.0
Силистра,Дулово,Total,395.0,398.0,365.0,410.0,425.0,560.0,612.0
Силистра,Кайнарджа,Female,33.0,22.0,41.0,22.0,20.0,39.0,33.0
Силистра,Кайнарджа,Male,28.0,44.0,44.0,41.0,26.0,46.0,44.0
Силистра,Кайнарджа,Total,61.0,66.0,85.0,63.0,46.0,85.0,77.0
Силистра,Силистра,Female,399.0,319.0,393.0,380.0,376.0,447.0,576.0
Силистра,Силистра,Male,473.0,425.0,471.0,468.0,471.0,524.0,600.0
Силистра,Силистра,Total,872.0,744.0,864.0,848.0,847.0,971.0,1176.0
Силистра,Ситово,Female,53.0,34.0,42.0,55.0,39.0,44.0,72.0
Силистра,Ситово,Male,61.0,59.0,51.0,48.0,54.0,60.0,85.0
Силистра,Ситово,Total,114.0,93.0,93.0,103.0,93.0,104.0,157.0
Силистра,Тутракан,Female,126.0,123.0,130.0,114.0,121.0,131.0,165.0
Силистра,Тутракан,Male,153.0,145.0,135.0,153.0,158.0,185.0,172.0
Силистра,Тутракан,Total,279.0,268.0,265.0,267.0,279.0,316.0,337.0
Сливен,Котел,Female,138.0,122.0,140.0,108.0,131.0,182.0,159.0
Сливен,Котел,Male,143.0,126.0,153.0,159.0,139.0,169.0,190.0
Сливен,Котел,Total,281.0,248.0,293.0,267.0,270.0,351.0,349.0
Сливен,Нова Загора,Female,333.0,297.0,293.0,320.0,298.0,355.0,383.0
Сливен,Нова Загора,Male,332.0,334.0,350.0,348.0,308.0,355.0,407.0
Сливен,Нова Загора,Total,665.0,631.0,643.0,668.0,606.0,710.0,790.0
Сливен,Сливен,Female,830.0,799.0,825.0,830.0,824.0,959.0,1159.0
Сливен,Сливен,Male,920.0,914.0,912.0,934.0,923.0,1064.0,1217.0
Сливен,Сливен,Total,1750.0,1713.0,1737.0,1764.0,1747.0,2023.0,2376.0
Сливен,Твърдица,Female,115.0,79.0,98.0,97.0,93.0,99.0,106.0
Сливен,Твърдица,Male,119.0,101.0,119.0,121.0,115.0,130.0,167.0
Сливен,Твърдица,Total,234.0,180.0,217.0,218.0,208.0,229.0,273.0
Смолян,Баните,Female,58.0,45.0,59.0,42.0,45.0,69.0,61.0
Смолян,Баните,Male,59.0,54.0,50.0,52.0,47.0,60.0,65.0
Смолян,Баните,Total,117.0,99.0,109.0,94.0,92.0,129.0,126.0
Смолян,Борино,Female,27.0,19.0,19.0,16.0,25.0,29.0,20.0
Смолян,Борино,Male,23.0,27.0,37.0,34.0,23.0,39.0,30.0
Смолян,Борино,Total,50.0,46.0,56.0,50.0,48.0,68.0,50.0
Смолян,Девин,Female,100.0,86.0,96.0,75.0,80.0,108.0,144.0
Смолян,Девин,Male,107.0,101.0,100.0,103.0,97.0,125.0,164.0
Смолян,Девин,Total,207.0,187.0,196.0,178.0,177.0,233.0,308.0
Смолян,Доспат,Female,34.0,38.0,53.0,48.0,45.0,60.0,87.0
Смолян,Доспат,Male,46.0,51.0,51.0,56.0,57.0,75.0,76.0
Смолян,Доспат,Total,80.0,89.0,104.0,104.0,102.0,135.0,163.0
Смолян,Златоград,Female,73.0,75.0,76.0,75.0,64.0,88.0,93.0
Смолян,Златоград,Male,84.0,68.0,88.0,83.0,101.0,103.0,96.0
Смолян,Златоград,Total,157.0,143.0,164.0,158.0,165.0,191.0,189.0
Смолян,Мадан,Female,87.0,82.0,79.0,93.0,74.0,84.0,110.0
Смолян,Мадан,Male,68.0,70.0,95.0,95.0,80.0,98.0,122.0
Смолян,Мадан,Total,155.0,152.0,174.0,188.0,154.0,182.0,232.0
Смолян,Неделино,Female,34.0,42.0,44.0,46.0,44.0,50.0,55.0
Смолян,Неделино,Male,56.0,46.0,46.0,53.0,45.0,57.0,59.0
Смолян,Неделино,Total,90.0,88.0,90.0,99.0,89.0,107.0,114.0
Смолян,Рудозем,Female,72.0,81.0,58.0,59.0,52.0,85.0,69.0
Смолян,Рудозем,Male,62.0,70.0,58.0,63.0,57.0,86.0,87.0
Смолян,Рудозем,Total,134.0,151.0,116.0,122.0,109.0,171.0,156.0
Смолян,Смолян,Female,268.0,260.0,267.0,277.0,287.0,344.0,361.0
Смолян,Смолян,Male,288.0,312.0,352.0,278.0,322.0,391.0,386.0
Смолян,Смолян,Total,556.0,572.0,619.0,555.0,609.0,735.0,747.0
Смолян,Чепеларе,Female,60.0,67.0,70.0,57.0,55.0,67.0,98.0
Смолян,Чепеларе,Male,52.0,61.0,73.0,64.0,65.0,89.0,93.0
Смолян,Чепеларе,Total,112.0,128.0,143.0,121.0,120.0,156.0,191.0
София,Антон,Female,17.0,14.0,20.0,16.0,9.0,13.0,22.0
София,Антон,Male,13.0,11.0,9.0,16.0,14.0,15.0,21.0
София,Антон,Total,30.0,25.0,29.0,32.0,23.0,28.0,43.0
София,Божурище,Female,53.0,72.0,56.0,62.0,85.0,80.0,89.0
София,Божурище,Male,72.0,66.0,67.0,74.0,78.0,94.0,115.0
София,Божурище,Total,125.0,138.0,123.0,136.0,163.0,174.0,204.0
София,Ботевград,Female,234.0,230.0,239.0,247.0,239.0,299.0,317.0
София,Ботевград,Male,261.0,248.0,267.0,292.0,251.0,339.0,373.0
София,Ботевград,Total,495.0,478.0,506.0,539.0,490.0,638.0,690.0
София,Годеч,Female,55.0,52.0,51.0,57.0,45.0,63.0,73.0
София,Годеч,Male,61.0,76.0,62.0,68.0,62.0,55.0,76.0
София,Годеч,Total,116.0,128.0,113.0,125.0,107.0,118.0,149.0
София,Горна Малина,Female,60.0,68.0,58.0,93.0,60.0,61.0,97.0
София,Горна Малина,Male,79.0,93.0,83.0,78.0,78.0,97.0,105.0
София,Горна Малина,Total,139.0,161.0,141.0,171.0,138.0,158.0,202.0
София,Долна баня,Female,30.0,38.0,36.0,36.0,29.0,45.0,48.0
София,Долна баня,Male,20.0,48.0,44.0,29.0,37.0,58.0,46.0
София,Долна баня,Total,50.0,86.0,80.0,65.0,66.0,103.0,94.0
София,Драгоман,Female,62.0,75.0,47.0,49.0,60.0,63.0,58.0
София,Драгоман,Male,74.0,89.0,68.0,76.0,66.0,63.0,102.0
София,Драгоман,Total,136.0,164.0,115.0,125.0,126.0,126.0,160.0
София,Елин Пелин,Female,186.0,176.0,176.0,177.0,173.0,211.0,267.0
София,Елин Пелин,Male,215.0,198.0,221.0,205.0,200.0,269.0,295.0
София,Елин Пелин,Total,401.0,374.0,397.0,382.0,373.0,480.0,562.0
София,Етрополе,Female,88.0,100.0,93.0,94.0,84.0,108.0,131.0
София,Етрополе,Male,101.0,92.0,118.0,106.0,104.0,122.0,126.0
София,Етрополе,Total,189.0,192.0,211.0,200.0,188.0,230.0,257.0
София,Златица,Female,39.0,39.0,45.0,38.0,32.0,41.0,53.0
София,Златица,Male,42.0,43.0,58.0,43.0,46.0,63.0,63.0
София,Златица,Total,81.0,82.0,103.0,81.0,78.0,104.0,116.0
София,Ихтиман,Female,114.0,151.0,143.0,126.0,131.0,139.0,152.0
София,Ихтиман,Male,174.0,148.0,145.0,160.0,145.0,166.0,190.0
София,Ихтиман,Total,288.0,299.0,288.0,286.0,276.0,305.0,342.0
София,Копривщица,Female,17.0,21.0,20.0,23.0,19.0,22.0,28.0
София,Копривщица,Male,24.0,23.0,17.0,26.0,19.0,25.0,22.0
София,Копривщица,Total,41.0,44.0,37.0,49.0,38.0,47.0,50.0
София,Костенец,Female,109.0,135.0,108.0,106.0,93.0,101.0,141.0
София,Костенец,Male,95.0,98.0,108.0,127.0,104.0,131.0,136.0
София,Костенец,Total,204.0,233.0,216.0,233.0,197.0,232.0,277.0
София,Костинброд,Female,130.0,135.0,139.0,131.0,132.0,135.0,195.0
София,Костинброд,Male,166.0,145.0,131.0,149.0,168.0,209.0,202.0
София,Костинброд,Total,296.0,280.0,270.0,280.0,300.0,344.0,397.0
София,Мирково,Female,50.0,24.0,36.0,25.0,24.0,35.0,32.0
София,Мирково,Male,36.0,32.0,38.0,24.0,28.0,38.0,35.0
София,Мирково,Total,86.0,56.0,74.0,49.0,52.0,73.0,67.0
София,Пирдоп,Female,50.0,63.0,66.0,63.0,52.0,75.0,74.0
София,Пирдоп,Male,65.0,77.0,84.0,64.0,88.0,86.0,93.0
София,Пирдоп,Total,115.0,140.0,150.0,127.0,140.0,161.0,167.0
София,Правец,Female,50.0,61.0,54.0,55.0,64.0,51.0,74.0
София,Правец,Male,63.0,64.0,65.0,58.0,65.0,75.0,84.0
София,Правец,Total,113.0,125.0,119.0,113.0,129.0,126.0,158.0
София,Самоков,Female,344.0,291.0,313.0,298.0,293.0,354.0,438.0
София,Самоков,Male,338.0,334.0,331.0,320.0,313.0,379.0,462.0
София,Самоков,Total,682.0,625.0,644.0,618.0,606.0,733.0,900.0
София,Своге,Female,223.0,197.0,202.0,212.0,226.0,233.0,262.0
София,Своге,Male,216.0,213.0,226.0,197.0,244.0,268.0,351.0
София,Своге,Total,439.0,410.0,428.0,409.0,470.0,501.0,613.0
София,Сливница,Female,83.0,85.0,90.0,68.0,66.0,74.0,123.0
София,Сливница,Male,90.0,96.0,98.0,102.0,74.0,112.0,150.0
София,Сливница,Total,173.0,181.0,188.0,170.0,140.0,186.0,273.0
София,Чавдар,Female,12.0,17.0,13.0,15.0,18.0,16.0,13.0
София,Чавдар,Male,7.0,12.0,15.0,14.0,18.0,16.0,17.0
София,Чавдар,Total,19.0,29.0,28.0,29.0,36.0,32.0,30.0
София,Челопеч,Female,14.0,9.0,14.0,11.0,7.0,11.0,16.0
София,Челопеч,Male,13.0,11.0,15.0,16.0,20.0,16.0,18.0
София,Челопеч,Total,27.0,20.0,29.0,27.0,27.0,27.0,34.0
София (столица),Столична,Female,7996.0,7903.0,7823.0,7894.0,7955.0,8597.0,10773.0
София (столица),Столична,Male,7690.0,7620.0,7554.0,7638.0,7680.0,9124.0,11137.0
София (столица),Столична,Total,15686.0,15523.0,15377.0,15532.0,15635.0,17721.0,21910.0
Стара Загора,Братя Даскалови,Female,115.0,104.0,92.0,112.0,86.0,96.0,127.0
Стара Загора,Братя Даскалови,Male,125.0,109.0,114.0,115.0,107.0,102.0,138.0
Стара Загора,Братя Даскалови,Total,240.0,213.0,206.0,227.0,193.0,198.0,265.0
Стара Загора,Гурково,Female,33.0,34.0,36.0,33.0,43.0,43.0,52.0
Стара Загора,Гурково,Male,37.0,46.0,58.0,34.0,40.0,54.0,53.0
Стара Загора,Гурково,Total,70.0,80.0,94.0,67.0,83.0,97.0,105.0
Стара Загора,Гълъбово,Female,141.0,126.0,119.0,125.0,109.0,135.0,143.0
Стара Загора,Гълъбово,Male,146.0,144.0,142.0,133.0,123.0,141.0,187.0
Стара Загора,Гълъбово,Total,287.0,270.0,261.0,258.0,232.0,276.0,330.0
Стара Загора,Казанлък,Female,549.0,541.0,548.0,557.0,567.0,607.0,715.0
Стара Загора,Казанлък,Male,584.0,591.0,519.0,587.0,600.0,668.0,751.0
Стара Загора,Казанлък,Total,1133.0,1132.0,1067.0,1144.0,1167.0,1275.0,1466.0
Стара Загора,Мъглиж,Female,87.0,108.0,102.0,98.0,90.0,99.0,121.0
Стара Загора,Мъглиж,Male,96.0,107.0,103.0,100.0,121.0,104.0,143.0
Стара Загора,Мъглиж,Total,183.0,215.0,205.0,198.0,211.0,203.0,264.0
Стара Загора,Николаево,Female,40.0,44.0,32.0,38.0,36.0,36.0,49.0
Стара Загора,Николаево,Male,52.0,42.0,41.0,39.0,39.0,45.0,48.0
Стара Загора,Николаево,Total,92.0,86.0,73.0,77.0,75.0,81.0,97.0
Стара Загора,Опан,Female,53.0,40.0,48.0,43.0,35.0,57.0,57.0
Стара Загора,Опан,Male,50.0,59.0,59.0,52.0,48.0,46.0,56.0
Стара Загора,Опан,Total,103.0,99.0,107.0,95.0,83.0,103.0,113.0
Стара Загора,Павел баня,Female,146.0,122.0,147.0,132.0,99.0,136.0,180.0
Стара Загора,Павел баня,Male,144.0,141.0,147.0,133.0,127.0,147.0,186.0
Стара Загора,Павел баня,Total,290.0,263.0,294.0,265.0,226.0,283.0,366.0
Стара Загора,Раднево,Female,176.0,157.0,157.0,174.0,193.0,193.0,226.0
Стара Загора,Раднево,Male,190.0,200.0,221.0,176.0,200.0,217.0,244.0
Стара Загора,Раднево,Total,366.0,357.0,378.0,350.0,393.0,410.0,470.0
Стара Загора,Стара Загора,Female,1045.0,994.0,1086.0,1059.0,1048.0,1192.0,1548.0
Стара Загора,Стара Загора,Male,1105.0,1116.0,1164.0,1171.0,1085.0,1350.0,1525.0
Стара Загора,Стара Загора,Total,2150.0,2110.0,2250.0,2230.0,2133.0,2542.0,3073.0
Стара Загора,Чирпан,Female,183.0,186.0,197.0,173.0,196.0,208.0,248.0
Стара Загора,Чирпан,Male,215.0,192.0,199.0,173.0,204.0,259.0,286.0
Стара Загора,Чирпан,Total,398.0,378.0,396.0,346.0,400.0,467.0,534.0
Търговище,Антоново,Female,40.0,47.0,47.0,43.0,52.0,52.0,70.0
Търговище,Антоново,Male,49.0,57.0,57.0,45.0,57.0,61.0,67.0
Търговище,Антоново,Total,89.0,104.0,104.0,88.0,109.0,113.0,137.0
Търговище,Омуртаг,Female,154.0,143.0,161.0,144.0,149.0,188.0,205.0
Търговище,Омуртаг,Male,167.0,157.0,171.0,120.0,159.0,208.0,262.0
Търговище,Омуртаг,Total,321.0,300.0,332.0,264.0,308.0,396.0,467.0
Търговище,Опака,Female,48.0,61.0,55.0,50.0,53.0,61.0,76.0
Търговище,Опака,Male,69.0,69.0,52.0,64.0,46.0,62.0,79.0
Търговище,Опака,Total,117.0,130.0,107.0,114.0,99.0,123.0,155.0
Търговище,Попово,Female,266.0,246.0,243.0,236.0,266.0,270.0,353.0
Търговище,Попово,Male,307.0,247.0,272.0,264.0,229.0,298.0,367.0
Търговище,Попово,Total,573.0,493.0,515.0,500.0,495.0,568.0,720.0
Търговище,Търговище,Female,362.0,406.0,363.0,411.0,426.0,483.0,547.0
Търговище,Търговище,Male,427.0,417.0,426.0,446.0,451.0,498.0,600.0
Търговище,Търговище,Total,789.0,823.0,789.0,857.0,877.0,981.0,1147.0
Хасково,Димитровград,Female,481.0,431.0,473.0,421.0,466.0,525.0,570.0
Хасково,Димитровград,Male,493.0,463.0,510.0,468.0,461.0,571.0,583.0
Хасково,Димитровград,Total,974.0,894.0,983.0,889.0,927.0,1096.0,1153.0
Хасково,Ивайловград,Female,65.0,46.0,50.0,58.0,64.0,63.0,64.0
Хасково,Ивайловград,Male,49.0,56.0,72.0,80.0,49.0,64.0,108.0
Хасково,Ивайловград,Total,114.0,102.0,122.0,138.0,113.0,127.0,172.0
Хасково,Любимец,Female,97.0,71.0,86.0,57.0,86.0,88.0,115.0
Хасково,Любимец,Male,83.0,99.0,83.0,84.0,89.0,98.0,112.0
Хасково,Любимец,Total,180.0,170.0,169.0,141.0,175.0,186.0,227.0
Хасково,Маджарово,Female,24.0,9.0,24.0,15.0,15.0,15.0,17.0
Хасково,Маджарово,Male,21.0,19.0,27.0,26.0,19.0,17.0,26.0
Хасково,Маджарово,Total,45.0,28.0,51.0,41.0,34.0,32.0,43.0
Хасково,Минерални бани,Female,44.0,33.0,64.0,51.0,39.0,53.0,75.0
Хасково,Минерални бани,Male,61.0,63.0,52.0,58.0,65.0,65.0,66.0
Хасково,Минерални бани,Total,105.0,96.0,116.0,109.0,104.0,118.0,141.0
Хасково,Свиленград,Female,171.0,183.0,150.0,161.0,153.0,187.0,202.0
Хасково,Свиленград,Male,195.0,201.0,172.0,189.0,167.0,221.0,209.0
Хасково,Свиленград,Total,366.0,384.0,322.0,350.0,320.0,408.0,411.0
Хасково,Симеоновград,Female,71.0,77.0,90.0,58.0,58.0,85.0,91.0
Хасково,Симеоновград,Male,87.0,85.0,91.0,86.0,56.0,91.0,115.0
Хасково,Симеоновград,Total,158.0,162.0,181.0,144.0,114.0,176.0,206.0
Хасково,Стамболово,Female,60.0,45.0,52.0,46.0,32.0,55.0,62.0
Хасково,Стамболово,Male,55.0,54.0,68.0,51.0,58.0,70.0,73.0
Хасково,Стамболово,Total,115.0,99.0,120.0,97.0,90.0,125.0,135.0
Хасково,Тополовград,Female,145.0,102.0,110.0,104.0,92.0,107.0,142.0
Хасково,Тополовград,Male,138.0,131.0,123.0,113.0,118.0,144.0,158.0
Хасково,Тополовград,Total,283.0,233.0,233.0,217.0,210.0,251.0,300.0
Хасково,Харманли,Female,201.0,195.0,166.0,194.0,198.0,210.0,278.0
Хасково,Харманли,Male,219.0,191.0,232.0,186.0,194.0,234.0,310.0
Хасково,Харманли,Total,420.0,386.0,398.0,380.0,392.0,444.0,588.0
Хасково,Хасково,Female,606.0,622.0,599.0,605.0,606.0,692.0,850.0
Хасково,Хасково,Male,668.0,673.0,663.0,660.0,702.0,765.0,896.0
Хасково,Хасково,Total,1274.0,1295.0,1262.0,1265.0,1308.0,1457.0,1746.0
Шумен,Велики Преслав,Female,120.0,98.0,114.0,112.0,99.0,111.0,167.0
Шумен,Велики Преслав,Male,143.0,101.0,108.0,122.0,127.0,128.0,173.0
Шумен,Велики Преслав,Total,263.0,199.0,222.0,234.0,226.0,239.0,340.0
Шумен,Венец,Female,41.0,45.0,52.0,55.0,44.0,66.0,78.0
Шумен,Венец,Male,55.0,52.0,49.0,57.0,55.0,61.0,85.0
Шумен,Венец,Total,96.0,97.0,101.0,112.0,99.0,127.0,163.0
Шумен,Върбица,Female,68.0,65.0,62.0,59.0,57.0,77.0,91.0
Шумен,Върбица,Male,62.0,71.0,91.0,69.0,69.0,78.0,125.0
Шумен,Върбица,Total,130.0,136.0,153.0,128.0,126.0,155.0,216.0
Шумен,Каолиново,Female,69.0,78.0,71.0,91.0,83.0,105.0,107.0
Шумен,Каолиново,Male,92.0,72.0,84.0,96.0,98.0,109.0,112.0
Шумен,Каолиново,Total,161.0,150.0,155.0,187.0,181.0,214.0,219.0
Шумен,Каспичан,Female,67.0,63.0,68.0,72.0,58.0,84.0,92.0
Шумен,Каспичан,Male,87.0,91.0,69.0,80.0,81.0,82.0,103.0
Шумен,Каспичан,Total,154.0,154.0,137.0,152.0,139.0,166.0,195.0
Шумен,Никола Козлево,Female,46.0,39.0,40.0,36.0,43.0,64.0,77.0
Шумен,Никола Козлево,Male,47.0,39.0,39.0,47.0,47.0,57.0,69.0
Шумен,Никола Козлево,Total,93.0,78.0,79.0,83.0,90.0,121.0,146.0
Шумен,Нови пазар,Female,128.0,124.0,144.0,128.0,132.0,161.0,183.0
Шумен,Нови пазар,Male,144.0,135.0,164.0,139.0,144.0,149.0,205.0
Шумен,Нови пазар,Total,272.0,259.0,308.0,267.0,276.0,310.0,388.0
Шумен,Смядово,Female,79.0,61.0,71.0,72.0,50.0,94.0,86.0
Шумен,Смядово,Male,79.0,63.0,74.0,79.0,65.0,67.0,99.0
Шумен,Смядово,Total,158.0,124.0,145.0,151.0,115.0,161.0,185.0
Шумен,Хитрино,Female,70.0,63.0,56.0,58.0,69.0,70.0,75.0
Шумен,Хитрино,Male,74.0,68.0,66.0,66.0,82.0,70.0,88.0
Шумен,Хитрино,Total,144.0,131.0,122.0,124.0,151.0,140.0,163.0
Шумен,Шумен,Female,634.0,607.0,643.0,651.0,600.0,677.0,899.0
Шумен,Шумен,Male,649.0,613.0,661.0,679.0,689.0,806.0,885.0
Шумен,Шумен,Total,1283.0,1220.0,1304.0,1330.0,1289.0,1483.0,1784.0
Ямбол,Болярово,Female,68.0,62.0,60.0,63.0,56.0,61.0,52.0
Ямбол,Болярово,Male,53.0,58.0,59.0,51.0,61.0,66.0,59.0
Ямбол,Болярово,Total,121.0,120.0,119.0,114.0,117.0,127.0,111.0
Ямбол,Елхово,Female,166.0,114.0,155.0,137.0,147.0,150.0,167.0
Ямбол,Елхово,Male,158.0,143.0,153.0,153.0,170.0,148.0,186.0
Ямбол,Елхово,Total,324.0,257.0,308.0,290.0,317.0,298.0,353.0
Ямбол,Стралджа,Female,132.0,110.0,124.0,131.0,122.0,119.0,163.0
Ямбол,Стралджа,Male,161.0,129.0,142.0,146.0,132.0,141.0,183.0
Ямбол,Стралджа,Total,293.0,239.0,266.0,277.0,254.0,260.0,346.0
Ямбол,Тунджа,Female,283.0,279.0,253.0,292.0,277.0,299.0,308.0
Ямбол,Тунджа,Male,371.0,309.0,330.0,314.0,293.0,338.0,386.0
Ямбол,Тунджа,Total,654.0,588.0,583.0,606.0,570.0,637.0,694.0
Ямбол,Ямбол,Female,473.0,409.0,426.0,430.0,412.0,536.0,565.0
Ямбол,Ямбол,Male,476.0,492.0,462.0,516.0,451.0,591.0,677.0
Ямбол,Ямбол,Total,949.0,901.0,888.0,946.0,863.0,1127.0,1242.0
